{
  "cand_id": "CAND_011_E5_012",
  "joint_topic": "institutional_partnership_route_outflanks_consumer_workforce_signal",
  "atom_a_id": "AN_E5_A09",
  "atom_b_id": "SA_E3_A02",
  "params": {
    "atom_quality_score": 0.4,
    "novelty_score": 0.772329751303047,
    "cross_source_diversity": 1.0,
    "mechanism_coherence": 0.0,
    "saturation_distance": 0.875,
    "speaker_self_publish_risk": 1.0,
    "arxiv_grounding": 0.0,
    "belinda_audit_pass": 1.0,
    "community_density": 0.5313209349376706,
    "cross_disciplinary_bonus": 0.5
  },
  "weights_used": {
    "atom_quality_score": 0.10010102332663916,
    "novelty_score": 0.0892045752720901,
    "cross_source_diversity": 0.10388861999247555,
    "mechanism_coherence": 0.0915187117803097,
    "saturation_distance": 0.08768054664908956,
    "speaker_self_publish_risk": 0.0776066585482447,
    "arxiv_grounding": 0.10418701525857027,
    "belinda_audit_pass": 0.0776066585482447,
    "community_density": 0.09485677865896638,
    "cross_disciplinary_bonus": 0.17334941196536993
  },
  "composite_score": 0.5818,
  "rlhf_label_simulated": 3,
  "scored_at": "2026-05-23T23:49:58.536722+00:00"
}