{
  "cand_id": "CAND_011_E5_001",
  "joint_topic": "self_verification_as_RLVR_internalized_within_inference_loop",
  "atom_a_id": "AN_E5_A01",
  "atom_b_id": "KP_E2_A02",
  "params": {
    "atom_quality_score": 0.7,
    "novelty_score": 0.4114809445885168,
    "cross_source_diversity": 1.0,
    "mechanism_coherence": 0.2,
    "saturation_distance": 0.6000000000000001,
    "speaker_self_publish_risk": 1.0,
    "arxiv_grounding": 0.4,
    "belinda_audit_pass": 1.0,
    "community_density": 0.25306962294109747,
    "cross_disciplinary_bonus": 0.0
  },
  "weights_used": {
    "atom_quality_score": 0.10010102332663916,
    "novelty_score": 0.0892045752720901,
    "cross_source_diversity": 0.10388861999247555,
    "mechanism_coherence": 0.0915187117803097,
    "saturation_distance": 0.08768054664908956,
    "speaker_self_publish_risk": 0.0776066585482447,
    "arxiv_grounding": 0.10418701525857027,
    "belinda_audit_pass": 0.0776066585482447,
    "community_density": 0.09485677865896638,
    "cross_disciplinary_bonus": 0.17334941196536993
  },
  "composite_score": 0.5025,
  "rlhf_label_simulated": 3,
  "scored_at": "2026-05-23T23:49:58.534259+00:00"
}