{
  "cand_id": "CAND_011_E5_003",
  "joint_topic": "cross_lab_market_clearing_in_safety_standards_via_competitor_partnership",
  "atom_a_id": "AN_E5_A05",
  "atom_b_id": "OA_E4_A11",
  "params": {
    "atom_quality_score": 1.0,
    "novelty_score": 0.772329751303047,
    "cross_source_diversity": 0.2,
    "mechanism_coherence": 0.6,
    "saturation_distance": 0.825,
    "speaker_self_publish_risk": 1.0,
    "arxiv_grounding": 0.4,
    "belinda_audit_pass": 1.0,
    "community_density": 0.4333379732709105,
    "cross_disciplinary_bonus": 0.5
  },
  "weights_used": {
    "atom_quality_score": 0.10010102332663916,
    "novelty_score": 0.0892045752720901,
    "cross_source_diversity": 0.10388861999247555,
    "mechanism_coherence": 0.0915187117803097,
    "saturation_distance": 0.08768054664908956,
    "speaker_self_publish_risk": 0.0776066585482447,
    "arxiv_grounding": 0.10418701525857027,
    "belinda_audit_pass": 0.0776066585482447,
    "community_density": 0.09485677865896638,
    "cross_disciplinary_bonus": 0.17334941196536993
  },
  "composite_score": 0.6417,
  "rlhf_label_simulated": 4,
  "scored_at": "2026-05-23T23:49:58.534806+00:00"
}