{
  "cand_id": "CAND_011_E5_007",
  "joint_topic": "state_level_dual_use_framing_as_market_intervention_in_AI_cyber_subsidy",
  "atom_a_id": "AN_E5_A11",
  "atom_b_id": "ARXIV_R10_market_making",
  "params": {
    "atom_quality_score": 0.30000000000000004,
    "novelty_score": 0.6391511932854699,
    "cross_source_diversity": 1.0,
    "mechanism_coherence": 0.0,
    "saturation_distance": 0.825,
    "speaker_self_publish_risk": 1.0,
    "arxiv_grounding": 0.2,
    "belinda_audit_pass": 1.0,
    "community_density": 0.4333379732709105,
    "cross_disciplinary_bonus": 1.0
  },
  "weights_used": {
    "atom_quality_score": 0.10010102332663916,
    "novelty_score": 0.0892045752720901,
    "cross_source_diversity": 0.10388861999247555,
    "mechanism_coherence": 0.0915187117803097,
    "saturation_distance": 0.08768054664908956,
    "speaker_self_publish_risk": 0.0776066585482447,
    "arxiv_grounding": 0.10418701525857027,
    "belinda_audit_pass": 0.0776066585482447,
    "community_density": 0.09485677865896638,
    "cross_disciplinary_bonus": 0.17334941196536993
  },
  "composite_score": 0.6538,
  "rlhf_label_simulated": 4,
  "scored_at": "2026-05-23T23:49:58.535737+00:00"
}