{
  "cand_id": "CAND_011_E5_008",
  "joint_topic": "B2B_SaaS_distribution_as_AI_capability_evodevo_developmental_constraint",
  "atom_a_id": "AN_E5_A08",
  "atom_b_id": "ARXIV_R10_evodevo",
  "params": {
    "atom_quality_score": 0.30000000000000004,
    "novelty_score": 1.0,
    "cross_source_diversity": 1.0,
    "mechanism_coherence": 0.0,
    "saturation_distance": 0.95,
    "speaker_self_publish_risk": 1.0,
    "arxiv_grounding": 0.2,
    "belinda_audit_pass": 1.0,
    "community_density": 0.6800767669625538,
    "cross_disciplinary_bonus": 0.5
  },
  "weights_used": {
    "atom_quality_score": 0.10010102332663916,
    "novelty_score": 0.0892045752720901,
    "cross_source_diversity": 0.10388861999247555,
    "mechanism_coherence": 0.0915187117803097,
    "saturation_distance": 0.08768054664908956,
    "speaker_self_publish_risk": 0.0776066585482447,
    "arxiv_grounding": 0.10418701525857027,
    "belinda_audit_pass": 0.0776066585482447,
    "community_density": 0.09485677865896638,
    "cross_disciplinary_bonus": 0.17334941196536993
  },
  "composite_score": 0.6337,
  "rlhf_label_simulated": 4,
  "scored_at": "2026-05-23T23:49:58.535924+00:00"
}