{
  "cand_id": "CAND_011_E5_004",
  "joint_topic": "10000_zero_days_as_superlinear_capability_threshold_crossed_in_offensive_security",
  "atom_a_id": "AN_E5_A03",
  "atom_b_id": "PG_E1_A05",
  "params": {
    "atom_quality_score": 0.7,
    "novelty_score": 0.6391511932854699,
    "cross_source_diversity": 1.0,
    "mechanism_coherence": 0.2,
    "saturation_distance": 0.875,
    "speaker_self_publish_risk": 1.0,
    "arxiv_grounding": 0.2,
    "belinda_audit_pass": 1.0,
    "community_density": 0.47822768038045405,
    "cross_disciplinary_bonus": 0.0
  },
  "weights_used": {
    "atom_quality_score": 0.10010102332663916,
    "novelty_score": 0.0892045752720901,
    "cross_source_diversity": 0.10388861999247555,
    "mechanism_coherence": 0.0915187117803097,
    "saturation_distance": 0.08768054664908956,
    "speaker_self_publish_risk": 0.0776066585482447,
    "arxiv_grounding": 0.10418701525857027,
    "belinda_audit_pass": 0.0776066585482447,
    "community_density": 0.09485677865896638,
    "cross_disciplinary_bonus": 0.17334941196536993
  },
  "composite_score": 0.5474,
  "rlhf_label_simulated": 3,
  "scored_at": "2026-05-23T23:49:58.535041+00:00"
}