{
  "cand_id": "CAND_011_E5_002",
  "joint_topic": "withholding_as_alignment_substrate_via_market_clearing_between_capability_and_safeguards",
  "atom_a_id": "AN_E5_A04",
  "atom_b_id": "ARXIV_R10_market_making",
  "params": {
    "atom_quality_score": 0.6,
    "novelty_score": 0.6391511932854699,
    "cross_source_diversity": 1.0,
    "mechanism_coherence": 0.2,
    "saturation_distance": 0.775,
    "speaker_self_publish_risk": 1.0,
    "arxiv_grounding": 0.6,
    "belinda_audit_pass": 1.0,
    "community_density": 0.3601535339251076,
    "cross_disciplinary_bonus": 1.0
  },
  "weights_used": {
    "atom_quality_score": 0.10010102332663916,
    "novelty_score": 0.0892045752720901,
    "cross_source_diversity": 0.10388861999247555,
    "mechanism_coherence": 0.0915187117803097,
    "saturation_distance": 0.08768054664908956,
    "speaker_self_publish_risk": 0.0776066585482447,
    "arxiv_grounding": 0.10418701525857027,
    "belinda_audit_pass": 0.0776066585482447,
    "community_density": 0.09485677865896638,
    "cross_disciplinary_bonus": 0.17334941196536993
  },
  "composite_score": 0.7325,
  "rlhf_label_simulated": 4,
  "scored_at": "2026-05-23T23:49:58.534528+00:00"
}