{
  "cand_id": "CAND_011_E5_009",
  "joint_topic": "withholding_as_response_to_jagged_intelligence_when_offensive_spike_exceeds_defensive",
  "atom_a_id": "AN_E5_A12",
  "atom_b_id": "KP_E2_A03",
  "params": {
    "atom_quality_score": 0.7,
    "novelty_score": 0.772329751303047,
    "cross_source_diversity": 1.0,
    "mechanism_coherence": 0.2,
    "saturation_distance": 0.8,
    "speaker_self_publish_risk": 1.0,
    "arxiv_grounding": 0.0,
    "belinda_audit_pass": 1.0,
    "community_density": 0.5313209349376706,
    "cross_disciplinary_bonus": 0.0
  },
  "weights_used": {
    "atom_quality_score": 0.10010102332663916,
    "novelty_score": 0.0892045752720901,
    "cross_source_diversity": 0.10388861999247555,
    "mechanism_coherence": 0.0915187117803097,
    "saturation_distance": 0.08768054664908956,
    "speaker_self_publish_risk": 0.0776066585482447,
    "arxiv_grounding": 0.10418701525857027,
    "belinda_audit_pass": 0.0776066585482447,
    "community_density": 0.09485677865896638,
    "cross_disciplinary_bonus": 0.17334941196536993
  },
  "composite_score": 0.5369,
  "rlhf_label_simulated": 3,
  "scored_at": "2026-05-23T23:49:58.536099+00:00"
}