{
  "cand_id": "CAND_011_E2_012",
  "joint_topic": "microGPT_compression_limit_as_evodevo_minimal_genome_analog",
  "atom_a_id": "KP_E2_A12",
  "atom_b_id": "ARXIV_R10_evodevo",
  "params": {
    "atom_quality_score": 1.0,
    "novelty_score": 1.0,
    "cross_source_diversity": 1.0,
    "mechanism_coherence": 0.2,
    "saturation_distance": 0.975,
    "speaker_self_publish_risk": 1.0,
    "arxiv_grounding": 0.2,
    "belinda_audit_pass": 1.0,
    "community_density": 0.7981509134179001,
    "cross_disciplinary_bonus": 1.0
  },
  "weights_used": {
    "atom_quality_score": 0.09997519572673305,
    "novelty_score": 0.08666708165198313,
    "cross_source_diversity": 0.1121217148337193,
    "mechanism_coherence": 0.10558128146841901,
    "saturation_distance": 0.08836592650332503,
    "speaker_self_publish_risk": 0.09343476236143276,
    "arxiv_grounding": 0.11492475770456229,
    "belinda_audit_pass": 0.09343476236143276,
    "community_density": 0.08870106443660189,
    "cross_disciplinary_bonus": 0.11679345295179094
  },
  "composite_score": 0.8035,
  "rlhf_label_simulated": 5,
  "scored_at": "2026-05-23T23:42:44.126815+00:00"
}