{
  "weights": {
    "intercept": -3.5823241663127035,
    "time_horizon": -0.38698600289475765,
    "impact_scale": -0.6356333180577808,
    "poc_tractability": -0.6485677372627073,
    "information_asymmetry": -0.6724028605348779
  },
  "trained_at": "2026-05-22T03:29:01.075864+00:00",
  "n_labels": 10,
  "note": "Logistic regression on user_label binarized at >=3. Coefficients are noisy until 30+ labels accumulate."
}