{
  "weights": {
    "intercept": -3.567905115950113,
    "time_horizon": -0.38471970010163453,
    "impact_scale": -0.6322338638680965,
    "poc_tractability": -0.6690034063451935,
    "information_asymmetry": -0.6690034063451935
  },
  "trained_at": "2026-05-22T03:04:21.716477+00:00",
  "n_labels": 7,
  "note": "Logistic regression on user_label binarized at >=3. Coefficients are noisy until 30+ labels accumulate."
}