{
  "weights": {
    "intercept": -3.560527610301529,
    "time_horizon": -0.38358932714664956,
    "impact_scale": -0.6585736705917316,
    "poc_tractability": -0.6502115756496886,
    "information_asymmetry": -0.6673078469127145
  },
  "trained_at": "2026-05-22T08:16:37.331023+00:00",
  "n_labels": 14,
  "note": "Logistic regression on user_label binarized at >=3. Coefficients are noisy until 30+ labels accumulate."
}