{
  "cand_id": "CAND_011_E3_006",
  "joint_topic": "per_capita_productivity_curve_as_superlinear_returns_with_AI_threshold",
  "atom_a_id": "SA_E3_A04",
  "atom_b_id": "PG_E1_A05",
  "params": {
    "atom_quality_score": 0.4,
    "novelty_score": 0.6391511932854699,
    "cross_source_diversity": 1.0,
    "mechanism_coherence": 0.0,
    "saturation_distance": 0.875,
    "speaker_self_publish_risk": 1.0,
    "arxiv_grounding": 0.0,
    "belinda_audit_pass": 1.0,
    "community_density": 0.47822768038045405,
    "cross_disciplinary_bonus": 1.0
  },
  "weights_used": {
    "atom_quality_score": 0.10360263611371058,
    "novelty_score": 0.08594288392803304,
    "cross_source_diversity": 0.10385413406645214,
    "mechanism_coherence": 0.10011163236614576,
    "saturation_distance": 0.08671291726361957,
    "speaker_self_publish_risk": 0.08654511172204346,
    "arxiv_grounding": 0.11687093995917838,
    "belinda_audit_pass": 0.08654511172204346,
    "community_density": 0.08689840140266948,
    "cross_disciplinary_bonus": 0.14291623145610405
  },
  "composite_score": 0.6337,
  "rlhf_label_simulated": 4,
  "scored_at": "2026-05-23T23:45:20.817108+00:00"
}