{
  "cand_id": "CAND_011_E3_004",
  "joint_topic": "recursive_self_improvement_as_RLVR_loop_with_self_as_verifier",
  "atom_a_id": "SA_E3_A09",
  "atom_b_id": "KP_E2_A02",
  "params": {
    "atom_quality_score": 0.7,
    "novelty_score": 0.5446595026060941,
    "cross_source_diversity": 0.2,
    "mechanism_coherence": 0.2,
    "saturation_distance": 0.675,
    "speaker_self_publish_risk": 1.0,
    "arxiv_grounding": 0.4,
    "belinda_audit_pass": 1.0,
    "community_density": 0.3601535339251076,
    "cross_disciplinary_bonus": 0.0
  },
  "weights_used": {
    "atom_quality_score": 0.10360263611371058,
    "novelty_score": 0.08594288392803304,
    "cross_source_diversity": 0.10385413406645214,
    "mechanism_coherence": 0.10011163236614576,
    "saturation_distance": 0.08671291726361957,
    "speaker_self_publish_risk": 0.08654511172204346,
    "arxiv_grounding": 0.11687093995917838,
    "belinda_audit_pass": 0.08654511172204346,
    "community_density": 0.08689840140266948,
    "cross_disciplinary_bonus": 0.14291623145610405
  },
  "composite_score": 0.4698,
  "rlhf_label_simulated": 3,
  "scored_at": "2026-05-23T23:45:20.816758+00:00"
}