{
  "n_scored": 5,
  "weights_used": "fitted",
  "weights": {
    "intercept": -3.5823241663127035,
    "time_horizon": -0.38698600289475765,
    "impact_scale": -0.6356333180577808,
    "poc_tractability": -0.6485677372627073,
    "information_asymmetry": -0.6724028605348779
  },
  "candidate_ids_by_predicted_impact_desc": [
    "CAND_run_004_001",
    "CAND_run_004_002",
    "CAND_run_004_003",
    "CAND_run_004_005",
    "CAND_run_004_004"
  ],
  "scored_at": "2026-05-22T03:59:08.395930+00:00"
}