{
  "n_scored": 10,
  "weights_used": "fitted",
  "weights": {
    "intercept": -3.567905115950113,
    "time_horizon": -0.38471970010163453,
    "impact_scale": -0.6322338638680965,
    "poc_tractability": -0.6690034063451935,
    "information_asymmetry": -0.6690034063451935
  },
  "candidate_ids_by_predicted_impact_desc": [
    "CAND_run_003_010",
    "CAND_run_003_001",
    "CAND_run_003_002",
    "CAND_run_003_003",
    "CAND_run_003_004",
    "CAND_run_003_005",
    "CAND_run_003_006",
    "CAND_run_003_007",
    "CAND_run_003_008",
    "CAND_run_003_009"
  ],
  "scored_at": "2026-05-22T03:25:25.811290+00:00"
}