{
  "cand_id": "CAND_011_E4_006",
  "joint_topic": "user_facing_depth_latency_dial_as_threshold_mechanism_for_superlinear_quality",
  "atom_a_id": "OA_E4_A12",
  "atom_b_id": "PG_E1_A12",
  "params": {
    "atom_quality_score": 0.4,
    "novelty_score": 0.772329751303047,
    "cross_source_diversity": 1.0,
    "mechanism_coherence": 0.0,
    "saturation_distance": 0.925,
    "speaker_self_publish_risk": 1.0,
    "arxiv_grounding": 0.0,
    "belinda_audit_pass": 1.0,
    "community_density": 0.5963018268358002,
    "cross_disciplinary_bonus": 0.0
  },
  "weights_used": {
    "atom_quality_score": 0.09603524376283065,
    "novelty_score": 0.09143065979127103,
    "cross_source_diversity": 0.11004737792879941,
    "mechanism_coherence": 0.09319415291659529,
    "saturation_distance": 0.08865970246952887,
    "speaker_self_publish_risk": 0.08220736095703784,
    "arxiv_grounding": 0.10911346275717108,
    "belinda_audit_pass": 0.08220736095703784,
    "community_density": 0.0947287119807248,
    "cross_disciplinary_bonus": 0.15237596647900312
  },
  "composite_score": 0.522,
  "rlhf_label_simulated": 3,
  "scored_at": "2026-05-23T23:47:40.945818+00:00"
}