{
  "cand_id": "CAND_011_E4_007",
  "joint_topic": "hallucination_reduction_as_information_thermodynamic_constraint_minimization",
  "atom_a_id": "OA_E4_A04",
  "atom_b_id": "ARXIV_R10_thermodynamics",
  "params": {
    "atom_quality_score": 0.9,
    "novelty_score": 0.6391511932854699,
    "cross_source_diversity": 1.0,
    "mechanism_coherence": 0.2,
    "saturation_distance": 0.825,
    "speaker_self_publish_risk": 1.0,
    "arxiv_grounding": 0.2,
    "belinda_audit_pass": 1.0,
    "community_density": 0.4333379732709105,
    "cross_disciplinary_bonus": 1.0
  },
  "weights_used": {
    "atom_quality_score": 0.09603524376283065,
    "novelty_score": 0.09143065979127103,
    "cross_source_diversity": 0.11004737792879941,
    "mechanism_coherence": 0.09319415291659529,
    "saturation_distance": 0.08865970246952887,
    "speaker_self_publish_risk": 0.08220736095703784,
    "arxiv_grounding": 0.10911346275717108,
    "belinda_audit_pass": 0.08220736095703784,
    "community_density": 0.0947287119807248,
    "cross_disciplinary_bonus": 0.15237596647900312
  },
  "composite_score": 0.7264,
  "rlhf_label_simulated": 4,
  "scored_at": "2026-05-23T23:47:40.945972+00:00"
}