{
  "cand_id": "CAND_011_E4_001",
  "joint_topic": "general_substrate_not_specialized_head_resolves_jagged_intelligence",
  "atom_a_id": "OA_E4_A02",
  "atom_b_id": "KP_E2_A03",
  "params": {
    "atom_quality_score": 0.4,
    "novelty_score": 0.4713660531805519,
    "cross_source_diversity": 1.0,
    "mechanism_coherence": 0.0,
    "saturation_distance": 0.65,
    "speaker_self_publish_risk": 1.0,
    "arxiv_grounding": 0.4,
    "belinda_audit_pass": 1.0,
    "community_density": 0.3017168876848263,
    "cross_disciplinary_bonus": 0.0
  },
  "weights_used": {
    "atom_quality_score": 0.09603524376283065,
    "novelty_score": 0.09143065979127103,
    "cross_source_diversity": 0.11004737792879941,
    "mechanism_coherence": 0.09319415291659529,
    "saturation_distance": 0.08865970246952887,
    "speaker_self_publish_risk": 0.08220736095703784,
    "arxiv_grounding": 0.10911346275717108,
    "belinda_audit_pass": 0.08220736095703784,
    "community_density": 0.0947287119807248,
    "cross_disciplinary_bonus": 0.15237596647900312
  },
  "composite_score": 0.4858,
  "rlhf_label_simulated": 3,
  "scored_at": "2026-05-23T23:47:40.944424+00:00"
}