{
  "cand_id": "CAND_011_E4_005",
  "joint_topic": "red_team_plus_customer_feedback_as_dual_verifier_RLVR_in_release_process",
  "atom_a_id": "OA_E4_A06",
  "atom_b_id": "KP_E2_A02",
  "params": {
    "atom_quality_score": 1.0,
    "novelty_score": 0.772329751303047,
    "cross_source_diversity": 1.0,
    "mechanism_coherence": 0.2,
    "saturation_distance": 0.8,
    "speaker_self_publish_risk": 1.0,
    "arxiv_grounding": 0.4,
    "belinda_audit_pass": 1.0,
    "community_density": 0.5313209349376706,
    "cross_disciplinary_bonus": 0.0
  },
  "weights_used": {
    "atom_quality_score": 0.09603524376283065,
    "novelty_score": 0.09143065979127103,
    "cross_source_diversity": 0.11004737792879941,
    "mechanism_coherence": 0.09319415291659529,
    "saturation_distance": 0.08865970246952887,
    "speaker_self_publish_risk": 0.08220736095703784,
    "arxiv_grounding": 0.10911346275717108,
    "belinda_audit_pass": 0.08220736095703784,
    "community_density": 0.0947287119807248,
    "cross_disciplinary_bonus": 0.15237596647900312
  },
  "composite_score": 0.6247,
  "rlhf_label_simulated": 4,
  "scored_at": "2026-05-23T23:47:40.945623+00:00"
}