{
  "cand_id": "CAND_011_E6_007",
  "joint_topic": "12hr_autonomy_window_as_observable_signature_of_rigor_consistency_extension",
  "atom_a_id": "HN_E6_A07",
  "atom_b_id": "AN_E5_A06",
  "params": {
    "atom_quality_score": 0.4,
    "novelty_score": 0.6391511932854699,
    "cross_source_diversity": 1.0,
    "mechanism_coherence": 0.0,
    "saturation_distance": 0.775,
    "speaker_self_publish_risk": 1.0,
    "arxiv_grounding": 0.6,
    "belinda_audit_pass": 1.0,
    "community_density": 0.3601535339251076,
    "cross_disciplinary_bonus": 0.0
  },
  "weights_used": {
    "atom_quality_score": 0.1051498425443421,
    "novelty_score": 0.08109209595141023,
    "cross_source_diversity": 0.10589525120864997,
    "mechanism_coherence": 0.09040220515529421,
    "saturation_distance": 0.08132763478997147,
    "speaker_self_publish_risk": 0.07344961983607413,
    "arxiv_grounding": 0.10901696631526235,
    "belinda_audit_pass": 0.07344961983607413,
    "community_density": 0.08539377706813088,
    "cross_disciplinary_bonus": 0.19482298729479067
  },
  "composite_score": 0.5059,
  "rlhf_label_simulated": 3,
  "scored_at": "2026-05-23T23:52:21.617146+00:00"
}