{
  "cand_id": "CAND_011_E6_009",
  "joint_topic": "daybreak_vs_mythos_as_market_clearing_of_dual_use_cyber_ai",
  "atom_a_id": "HN_E6_A09",
  "atom_b_id": "AN_E5_A04",
  "params": {
    "atom_quality_score": 0.7,
    "novelty_score": 0.772329751303047,
    "cross_source_diversity": 1.0,
    "mechanism_coherence": 0.2,
    "saturation_distance": 0.85,
    "speaker_self_publish_risk": 1.0,
    "arxiv_grounding": 0.4,
    "belinda_audit_pass": 1.0,
    "community_density": 0.47822768038045405,
    "cross_disciplinary_bonus": 0.0
  },
  "weights_used": {
    "atom_quality_score": 0.1051498425443421,
    "novelty_score": 0.08109209595141023,
    "cross_source_diversity": 0.10589525120864997,
    "mechanism_coherence": 0.09040220515529421,
    "saturation_distance": 0.08132763478997147,
    "speaker_self_publish_risk": 0.07344961983607413,
    "arxiv_grounding": 0.10901696631526235,
    "belinda_audit_pass": 0.07344961983607413,
    "community_density": 0.08539377706813088,
    "cross_disciplinary_bonus": 0.19482298729479067
  },
  "composite_score": 0.5607,
  "rlhf_label_simulated": 3,
  "scored_at": "2026-05-23T23:52:21.617539+00:00"
}