{
  "cand_id": "CAND_011_E6_001",
  "joint_topic": "photonic_compute_substrate_redirects_pretrain_rlvr_stack_balance",
  "atom_a_id": "HN_E6_A01",
  "atom_b_id": "KP_E2_A05",
  "params": {
    "atom_quality_score": 0.7,
    "novelty_score": 0.5446595026060941,
    "cross_source_diversity": 1.0,
    "mechanism_coherence": 0.2,
    "saturation_distance": 0.775,
    "speaker_self_publish_risk": 1.0,
    "arxiv_grounding": 0.6,
    "belinda_audit_pass": 1.0,
    "community_density": 0.3601535339251076,
    "cross_disciplinary_bonus": 0.5
  },
  "weights_used": {
    "atom_quality_score": 0.1051498425443421,
    "novelty_score": 0.08109209595141023,
    "cross_source_diversity": 0.10589525120864997,
    "mechanism_coherence": 0.09040220515529421,
    "saturation_distance": 0.08132763478997147,
    "speaker_self_publish_risk": 0.07344961983607413,
    "arxiv_grounding": 0.10901696631526235,
    "belinda_audit_pass": 0.07344961983607413,
    "community_density": 0.08539377706813088,
    "cross_disciplinary_bonus": 0.19482298729479067
  },
  "composite_score": 0.6453,
  "rlhf_label_simulated": 4,
  "scored_at": "2026-05-23T23:52:21.615462+00:00"
}