{
  "cand_id": "CAND_011_E6_006",
  "joint_topic": "RSI_60_pct_2028_as_alignment_with_gentle_singularity_self_modifying_code",
  "atom_a_id": "HN_E6_A06",
  "atom_b_id": "SA_E3_A09",
  "params": {
    "atom_quality_score": 0.4,
    "novelty_score": 0.4713660531805519,
    "cross_source_diversity": 1.0,
    "mechanism_coherence": 0.0,
    "saturation_distance": 0.675,
    "speaker_self_publish_risk": 1.0,
    "arxiv_grounding": 0.6,
    "belinda_audit_pass": 1.0,
    "community_density": 0.1926036536716006,
    "cross_disciplinary_bonus": 0.0
  },
  "weights_used": {
    "atom_quality_score": 0.1051498425443421,
    "novelty_score": 0.08109209595141023,
    "cross_source_diversity": 0.10589525120864997,
    "mechanism_coherence": 0.09040220515529421,
    "saturation_distance": 0.08132763478997147,
    "speaker_self_publish_risk": 0.07344961983607413,
    "arxiv_grounding": 0.10901696631526235,
    "belinda_audit_pass": 0.07344961983607413,
    "community_density": 0.08539377706813088,
    "cross_disciplinary_bonus": 0.19482298729479067
  },
  "composite_score": 0.4698,
  "rlhf_label_simulated": 3,
  "scored_at": "2026-05-23T23:52:21.616676+00:00"
}