{
  "cand_id": "CAND_011_E7_007",
  "joint_topic": "hierarchical_causal_latent_state_machines_as_evodevo_morphogenetic_field_for_world_modeling",
  "atom_a_id": "WS_E7_A07",
  "atom_b_id": "ARXIV_R10_evodevo",
  "params": {
    "atom_quality_score": 0.30000000000000004,
    "novelty_score": 0.772329751303047,
    "cross_source_diversity": 1.0,
    "mechanism_coherence": 0.0,
    "saturation_distance": 0.8,
    "speaker_self_publish_risk": 1.0,
    "arxiv_grounding": 0.4,
    "belinda_audit_pass": 1.0,
    "community_density": 0.5313209349376706,
    "cross_disciplinary_bonus": 1.0
  },
  "weights_used": {
    "atom_quality_score": 0.10191539837464078,
    "novelty_score": 0.08163629370082287,
    "cross_source_diversity": 0.10143207409742651,
    "mechanism_coherence": 0.08898664717796514,
    "saturation_distance": 0.07834890486798601,
    "speaker_self_publish_risk": 0.07035393180154163,
    "arxiv_grounding": 0.09963295345407695,
    "belinda_audit_pass": 0.07035393180154163,
    "community_density": 0.08480861622268879,
    "cross_disciplinary_bonus": 0.22253124850130954
  },
  "composite_score": 0.7059,
  "rlhf_label_simulated": 4,
  "scored_at": "2026-05-23T23:54:53.758429+00:00"
}