{
  "cand_id": "CAND_011_E7_005",
  "joint_topic": "world_models_supplement_ghost_intelligence_by_grounding_in_causal_dynamics",
  "atom_a_id": "WS_E7_A05",
  "atom_b_id": "KP_E2_A01",
  "params": {
    "atom_quality_score": 0.4,
    "novelty_score": 0.4114809445885168,
    "cross_source_diversity": 1.0,
    "mechanism_coherence": 0.0,
    "saturation_distance": 0.475,
    "speaker_self_publish_risk": 1.0,
    "arxiv_grounding": 0.6,
    "belinda_audit_pass": 1.0,
    "community_density": 0.1926036536716006,
    "cross_disciplinary_bonus": 1.0
  },
  "weights_used": {
    "atom_quality_score": 0.10191539837464078,
    "novelty_score": 0.08163629370082287,
    "cross_source_diversity": 0.10143207409742651,
    "mechanism_coherence": 0.08898664717796514,
    "saturation_distance": 0.07834890486798601,
    "speaker_self_publish_risk": 0.07035393180154163,
    "arxiv_grounding": 0.09963295345407695,
    "belinda_audit_pass": 0.07035393180154163,
    "community_density": 0.08480861622268879,
    "cross_disciplinary_bonus": 0.22253124850130954
  },
  "composite_score": 0.6524,
  "rlhf_label_simulated": 4,
  "scored_at": "2026-05-23T23:54:53.758056+00:00"
}