{
  "cand_id": "CAND_011_E7_011",
  "joint_topic": "unifying_architecture_and_training_as_microGPT_compression_principle_at_meta_level",
  "atom_a_id": "WS_E7_A12",
  "atom_b_id": "KP_E2_A06",
  "params": {
    "atom_quality_score": 1.0,
    "novelty_score": 0.772329751303047,
    "cross_source_diversity": 1.0,
    "mechanism_coherence": 0.7333333333333334,
    "saturation_distance": 0.925,
    "speaker_self_publish_risk": 1.0,
    "arxiv_grounding": 0.2,
    "belinda_audit_pass": 1.0,
    "community_density": 0.5963018268358002,
    "cross_disciplinary_bonus": 1.0
  },
  "weights_used": {
    "atom_quality_score": 0.10191539837464078,
    "novelty_score": 0.08163629370082287,
    "cross_source_diversity": 0.10143207409742651,
    "mechanism_coherence": 0.08898664717796514,
    "saturation_distance": 0.07834890486798601,
    "speaker_self_publish_risk": 0.07035393180154163,
    "arxiv_grounding": 0.09963295345407695,
    "belinda_audit_pass": 0.07035393180154163,
    "community_density": 0.08480861622268879,
    "cross_disciplinary_bonus": 0.22253124850130954
  },
  "composite_score": 0.8379,
  "rlhf_label_simulated": 5,
  "scored_at": "2026-05-23T23:54:53.759196+00:00"
}