{
  "cand_id": "CAND_011_E7_008",
  "joint_topic": "mouth_brain_separation_in_LLM_arch_mirrors_writing_as_cognitive_gym_split",
  "atom_a_id": "WS_E7_A08",
  "atom_b_id": "PG_E1_A02",
  "params": {
    "atom_quality_score": 0.4,
    "novelty_score": 0.772329751303047,
    "cross_source_diversity": 1.0,
    "mechanism_coherence": 0.0,
    "saturation_distance": 0.825,
    "speaker_self_publish_risk": 1.0,
    "arxiv_grounding": 0.2,
    "belinda_audit_pass": 1.0,
    "community_density": 0.5963018268358002,
    "cross_disciplinary_bonus": 0.5
  },
  "weights_used": {
    "atom_quality_score": 0.10191539837464078,
    "novelty_score": 0.08163629370082287,
    "cross_source_diversity": 0.10143207409742651,
    "mechanism_coherence": 0.08898664717796514,
    "saturation_distance": 0.07834890486798601,
    "speaker_self_publish_risk": 0.07035393180154163,
    "arxiv_grounding": 0.09963295345407695,
    "belinda_audit_pass": 0.07035393180154163,
    "community_density": 0.08480861622268879,
    "cross_disciplinary_bonus": 0.22253124850130954
  },
  "composite_score": 0.5924,
  "rlhf_label_simulated": 3,
  "scored_at": "2026-05-23T23:54:53.758608+00:00"
}