{
  "cand_id": "CAND_011_E7_012",
  "joint_topic": "PFN_in_context_inference_as_universal_engine_for_world_model_learning",
  "atom_a_id": "WS_E7_A09",
  "atom_b_id": "WS_E7_A05",
  "params": {
    "atom_quality_score": 0.7,
    "novelty_score": 0.6391511932854699,
    "cross_source_diversity": 0.2,
    "mechanism_coherence": 0.2,
    "saturation_distance": 0.6499999999999999,
    "speaker_self_publish_risk": 1.0,
    "arxiv_grounding": 0.2,
    "belinda_audit_pass": 1.0,
    "community_density": 0.4333379732709105,
    "cross_disciplinary_bonus": 0.0
  },
  "weights_used": {
    "atom_quality_score": 0.10191539837464078,
    "novelty_score": 0.08163629370082287,
    "cross_source_diversity": 0.10143207409742651,
    "mechanism_coherence": 0.08898664717796514,
    "saturation_distance": 0.07834890486798601,
    "speaker_self_publish_risk": 0.07035393180154163,
    "arxiv_grounding": 0.09963295345407695,
    "belinda_audit_pass": 0.07035393180154163,
    "community_density": 0.08480861622268879,
    "cross_disciplinary_bonus": 0.22253124850130954
  },
  "composite_score": 0.4099,
  "rlhf_label_simulated": 3,
  "scored_at": "2026-05-23T23:54:53.759368+00:00"
}